{"cameraMode":{"drawMode":0,"name":"Shaded","section":"Shading Mode"},"sceneLighting":true,"audioPlay":false,"sceneViewState":{"showFog":true,"showMaterialUpdate":false,"showSkybox":true,"showFlares":true,"showImageEffects":true,"showParticleSystems":true},"in2DMode":false,"pivot":{"x":51.38999938964844,"y":3.7200000286102297,"z":23.43000030517578},"rotation":{"x":-0.40300893783569338,"y":0.061907898634672168,"z":-0.027339400723576547,"w":-0.9127015471458435},"size":2.7247447967529299,"orthographic":false}