{"cameraMode":{"drawMode":0,"name":"Shaded","section":"Shading Mode"},"sceneLighting":true,"audioPlay":false,"sceneViewState":{"showFog":true,"showMaterialUpdate":false,"showSkybox":true,"showFlares":true,"showImageEffects":true,"showParticleSystems":true},"in2DMode":false,"pivot":{"x":44.363494873046878,"y":-0.45873022079467776,"z":21.999197006225587},"rotation":{"x":0.08493956178426743,"y":-0.8178219795227051,"z":0.12512418627738954,"w":0.555286169052124},"size":5.699740409851074,"orthographic":false}