{"cameraMode":{"drawMode":0,"name":"Shaded","section":"Shading Mode"},"sceneLighting":false,"audioPlay":false,"sceneViewState":{"showFog":true,"showMaterialUpdate":false,"showSkybox":false,"showFlares":true,"showImageEffects":true,"showParticleSystems":true},"in2DMode":false,"pivot":{"x":47.958961486816409,"y":2.6696717739105226,"z":32.18159866333008},"rotation":{"x":-0.33112087845802309,"y":0.6064435839653015,"z":-0.30677440762519839,"w":-0.6546128392219544},"size":1.5803730487823487,"orthographic":false}