{"cameraMode":{"drawMode":0,"name":"Shaded","section":"Shading Mode"},"sceneLighting":true,"audioPlay":false,"sceneViewState":{"showFog":true,"showMaterialUpdate":false,"showSkybox":true,"showFlares":true,"showImageEffects":true,"showParticleSystems":true},"in2DMode":false,"pivot":{"x":52.29999923706055,"y":3.7200000286102297,"z":14.600000381469727},"rotation":{"x":-0.27829936146736147,"y":0.14331403374671937,"z":-0.04203488305211067,"w":-0.9488165378570557},"size":10.934444427490235,"orthographic":false}